"Date","Source","Site ID","POC","Daily Max 8-hour CO Concentration","Units","Daily AQI Value","Local Site Name","Daily Obs Count","Percent Complete","AQS Parameter Code","AQS Parameter Description","Method Code","CBSA Code","CBSA Name","State FIPS Code","State","County FIPS Code","County","Site Latitude","Site Longitude"
"01/01/2024","AQS","060376012","1","0.4","ppm","5","Santa Clarita","19","79.0000","42101","Carbon monoxide","106","31080","Los Angeles-Long Beach-Anaheim, CA","06","California","037","Los Angeles","34.38344","-118.5284"
"01/02/2024","AQS","060376012","1","0.4","ppm","5","Santa Clarita","24","100.0000","42101","Carbon monoxide","106","31080","Los Angeles-Long Beach-Anaheim, CA","06","California","037","Los Angeles","34.38344","-118.5284"
"01/03/2024","AQS","060376012","1","0.4","ppm","5","Santa Clarita","24","100.0000","42101","Carbon monoxide","106","31080","Los Angeles-Long Beach-Anaheim, CA","06","California","037","Los Angeles","34.38344","-118.5284"
"01/04/2024","AQS","060376012","1","0.3","ppm","3","Santa Clarita","24","100.0000","42101","Carbon monoxide","106","31080","Los Angeles-Long Beach-Anaheim, CA","06","California","037","Los Angeles","34.38344","-118.5284"
"01/05/2024","AQS","060376012","1","0.4","ppm","5","Santa Clarita","24","100.0000","42101","Carbon monoxide","106","31080","Los Angeles-Long Beach-Anaheim, CA","06","California","037","Los Angeles","34.38344","-118.5284"
"01/06/2024","AQS","060376012","1","0.3","ppm","3","Santa Clarita","24","100.0000","42101","Carbon monoxide","106","31080","Los Angeles-Long Beach-Anaheim, CA","06","California","037","Los Angeles","34.38344","-118.5284"
"01/07/2024","AQS","060376012","1","0.2","ppm","2","Santa Clarita","24","100.0000","42101","Carbon monoxide","106","31080","Los Angeles-Long Beach-Anaheim, CA","06","California","037","Los Angeles","34.38344","-118.5284"
"01/08/2024","AQS","060376012","1","0.3","ppm","3","Santa Clarita","24","100.0000","42101","Carbon monoxide","106","31080","Los Angeles-Long Beach-Anaheim, CA","06","California","037","Los Angeles","34.38344","-118.5284"
"01/09/2024","AQS","060376012","1","0.4","ppm","5","Santa Clarita","24","100.0000","42101","Carbon monoxide","106","31080","Los Angeles-Long Beach-Anaheim, CA","06","California","037","Los Angeles","34.38344","-118.5284"
"01/10/2024","AQS","060376012","1","0.3","ppm","3","Santa Clarita","24","100.0000","42101","Carbon monoxide","106","31080","Los Angeles-Long Beach-Anaheim, CA","06","California","037","Los Angeles","34.38344","-118.5284"
"01/11/2024","AQS","060376012","1","0.3","ppm","3","Santa Clarita","24","100.0000","42101","Carbon monoxide","106","31080","Los Angeles-Long Beach-Anaheim, CA","06","California","037","Los Angeles","34.38344","-118.5284"
"01/12/2024","AQS","060376012","1","0.4","ppm","5","Santa Clarita","24","100.0000","42101","Carbon monoxide","106","31080","Los Angeles-Long Beach-Anaheim, CA","06","California","037","Los Angeles","34.38344","-118.5284"
"01/13/2024","AQS","060376012","1","0.5","ppm","6","Santa Clarita","24","100.0000","42101","Carbon monoxide","106","31080","Los Angeles-Long Beach-Anaheim, CA","06","California","037","Los Angeles","34.38344","-118.5284"
"01/14/2024","AQS","060376012","1","0.5","ppm","6","Santa Clarita","24","100.0000","42101","Carbon monoxide","106","31080","Los Angeles-Long Beach-Anaheim, CA","06","California","037","Los Angeles","34.38344","-118.5284"
"01/15/2024","AQS","060376012","1","0.4","ppm","5","Santa Clarita","24","100.0000","42101","Carbon monoxide","106","31080","Los Angeles-Long Beach-Anaheim, CA","06","California","037","Los Angeles","34.38344","-118.5284"
"01/16/2024","AQS","060376012","1","0.4","ppm","5","Santa Clarita","24","100.0000","42101","Carbon monoxide","106","31080","Los Angeles-Long Beach-Anaheim, CA","06","California","037","Los Angeles","34.38344","-118.5284"
"01/17/2024","AQS","060376012","1","0.4","ppm","5","Santa Clarita","24","100.0000","42101","Carbon monoxide","106","31080","Los Angeles-Long Beach-Anaheim, CA","06","California","037","Los Angeles","34.38344","-118.5284"
"01/18/2024","AQS","060376012","1","0.4","ppm","5","Santa Clarita","24","100.0000","42101","Carbon monoxide","106","31080","Los Angeles-Long Beach-Anaheim, CA","06","California","037","Los Angeles","34.38344","-118.5284"
"01/19/2024","AQS","060376012","1","0.5","ppm","6","Santa Clarita","24","100.0000","42101","Carbon monoxide","106","31080","Los Angeles-Long Beach-Anaheim, CA","06","California","037","Los Angeles","34.38344","-118.5284"
"01/20/2024","AQS","060376012","1","0.5","ppm","6","Santa Clarita","24","100.0000","42101","Carbon monoxide","106","31080","Los Angeles-Long Beach-Anaheim, CA","06","California","037","Los Angeles","34.38344","-118.5284"
"01/21/2024","AQS","060376012","1","0.2","ppm","2","Santa Clarita","24","100.0000","42101","Carbon monoxide","106","31080","Los Angeles-Long Beach-Anaheim, CA","06","California","037","Los Angeles","34.38344","-118.5284"
"01/22/2024","AQS","060376012","1","0.3","ppm","3","Santa Clarita","24","100.0000","42101","Carbon monoxide","106","31080","Los Angeles-Long Beach-Anaheim, CA","06","California","037","Los Angeles","34.38344","-118.5284"
"01/23/2024","AQS","060376012","1","0.3","ppm","3","Santa Clarita","24","100.0000","42101","Carbon monoxide","106","31080","Los Angeles-Long Beach-Anaheim, CA","06","California","037","Los Angeles","34.38344","-118.5284"
"01/24/2024","AQS","060376012","1","0.4","ppm","5","Santa Clarita","24","100.0000","42101","Carbon monoxide","106","31080","Los Angeles-Long Beach-Anaheim, CA","06","California","037","Los Angeles","34.38344","-118.5284"
"01/25/2024","AQS","060376012","1","0.3","ppm","3","Santa Clarita","24","100.0000","42101","Carbon monoxide","106","31080","Los Angeles-Long Beach-Anaheim, CA","06","California","037","Los Angeles","34.38344","-118.5284"
"01/26/2024","AQS","060376012","1","0.3","ppm","3","Santa Clarita","24","100.0000","42101","Carbon monoxide","106","31080","Los Angeles-Long Beach-Anaheim, CA","06","California","037","Los Angeles","34.38344","-118.5284"
"01/27/2024","AQS","060376012","1","0.1","ppm","1","Santa Clarita","24","100.0000","42101","Carbon monoxide","106","31080","Los Angeles-Long Beach-Anaheim, CA","06","California","037","Los Angeles","34.38344","-118.5284"
"01/28/2024","AQS","060376012","1","0.3","ppm","3","Santa Clarita","24","100.0000","42101","Carbon monoxide","106","31080","Los Angeles-Long Beach-Anaheim, CA","06","California","037","Los Angeles","34.38344","-118.5284"
"01/29/2024","AQS","060376012","1","0.3","ppm","3","Santa Clarita","24","100.0000","42101","Carbon monoxide","106","31080","Los Angeles-Long Beach-Anaheim, CA","06","California","037","Los Angeles","34.38344","-118.5284"
"01/30/2024","AQS","060376012","1","0.4","ppm","5","Santa Clarita","24","100.0000","42101","Carbon monoxide","106","31080","Los Angeles-Long Beach-Anaheim, CA","06","California","037","Los Angeles","34.38344","-118.5284"
"01/31/2024","AQS","060376012","1","0.4","ppm","5","Santa Clarita","24","100.0000","42101","Carbon monoxide","106","31080","Los Angeles-Long Beach-Anaheim, CA","06","California","037","Los Angeles","34.38344","-118.5284"
"02/01/2024","AQS","060376012","1","0.2","ppm","2","Santa Clarita","24","100.0000","42101","Carbon monoxide","106","31080","Los Angeles-Long Beach-Anaheim, CA","06","California","037","Los Angeles","34.38344","-118.5284"
"02/02/2024","AQS","060376012","1","0.3","ppm","3","Santa Clarita","24","100.0000","42101","Carbon monoxide","106","31080","Los Angeles-Long Beach-Anaheim, CA","06","California","037","Los Angeles","34.38344","-118.5284"
"02/03/2024","AQS","060376012","1","0.3","ppm","3","Santa Clarita","24","100.0000","42101","Carbon monoxide","106","31080","Los Angeles-Long Beach-Anaheim, CA","06","California","037","Los Angeles","34.38344","-118.5284"
"02/04/2024","AQS","060376012","1","0.2","ppm","2","Santa Clarita","24","100.0000","42101","Carbon monoxide","106","31080","Los Angeles-Long Beach-Anaheim, CA","06","California","037","Los Angeles","34.38344","-118.5284"
"02/05/2024","AQS","060376012","1","0.3","ppm","3","Santa Clarita","24","100.0000","42101","Carbon monoxide","106","31080","Los Angeles-Long Beach-Anaheim, CA","06","California","037","Los Angeles","34.38344","-118.5284"
"02/06/2024","AQS","060376012","1","0.3","ppm","3","Santa Clarita","24","100.0000","42101","Carbon monoxide","106","31080","Los Angeles-Long Beach-Anaheim, CA","06","California","037","Los Angeles","34.38344","-118.5284"
"02/07/2024","AQS","060376012","1","0.4","ppm","5","Santa Clarita","24","100.0000","42101","Carbon monoxide","106","31080","Los Angeles-Long Beach-Anaheim, CA","06","California","037","Los Angeles","34.38344","-118.5284"
"02/08/2024","AQS","060376012","1","0.3","ppm","3","Santa Clarita","24","100.0000","42101","Carbon monoxide","106","31080","Los Angeles-Long Beach-Anaheim, CA","06","California","037","Los Angeles","34.38344","-118.5284"
"02/09/2024","AQS","060376012","1","0.3","ppm","3","Santa Clarita","24","100.0000","42101","Carbon monoxide","106","31080","Los Angeles-Long Beach-Anaheim, CA","06","California","037","Los Angeles","34.38344","-118.5284"
"02/10/2024","AQS","060376012","1","0.2","ppm","2","Santa Clarita","24","100.0000","42101","Carbon monoxide","106","31080","Los Angeles-Long Beach-Anaheim, CA","06","California","037","Los Angeles","34.38344","-118.5284"
"02/11/2024","AQS","060376012","1","0.3","ppm","3","Santa Clarita","24","100.0000","42101","Carbon monoxide","106","31080","Los Angeles-Long Beach-Anaheim, CA","06","California","037","Los Angeles","34.38344","-118.5284"
"02/12/2024","AQS","060376012","1","0.3","ppm","3","Santa Clarita","24","100.0000","42101","Carbon monoxide","106","31080","Los Angeles-Long Beach-Anaheim, CA","06","California","037","Los Angeles","34.38344","-118.5284"
"02/13/2024","AQS","060376012","1","0.4","ppm","5","Santa Clarita","24","100.0000","42101","Carbon monoxide","106","31080","Los Angeles-Long Beach-Anaheim, CA","06","California","037","Los Angeles","34.38344","-118.5284"
"02/14/2024","AQS","060376012","1","0.3","ppm","3","Santa Clarita","24","100.0000","42101","Carbon monoxide","106","31080","Los Angeles-Long Beach-Anaheim, CA","06","California","037","Los Angeles","34.38344","-118.5284"
"02/15/2024","AQS","060376012","1","0.4","ppm","5","Santa Clarita","24","100.0000","42101","Carbon monoxide","106","31080","Los Angeles-Long Beach-Anaheim, CA","06","California","037","Los Angeles","34.38344","-118.5284"
"02/16/2024","AQS","060376012","1","0.3","ppm","3","Santa Clarita","24","100.0000","42101","Carbon monoxide","106","31080","Los Angeles-Long Beach-Anaheim, CA","06","California","037","Los Angeles","34.38344","-118.5284"
"02/17/2024","AQS","060376012","1","0.4","ppm","5","Santa Clarita","24","100.0000","42101","Carbon monoxide","106","31080","Los Angeles-Long Beach-Anaheim, CA","06","California","037","Los Angeles","34.38344","-118.5284"
"02/18/2024","AQS","060376012","1","0.1","ppm","1","Santa Clarita","24","100.0000","42101","Carbon monoxide","106","31080","Los Angeles-Long Beach-Anaheim, CA","06","California","037","Los Angeles","34.38344","-118.5284"
"02/19/2024","AQS","060376012","1","0.1","ppm","1","Santa Clarita","24","100.0000","42101","Carbon monoxide","106","31080","Los Angeles-Long Beach-Anaheim, CA","06","California","037","Los Angeles","34.38344","-118.5284"
"02/20/2024","AQS","060376012","1","0.2","ppm","2","Santa Clarita","24","100.0000","42101","Carbon monoxide","106","31080","Los Angeles-Long Beach-Anaheim, CA","06","California","037","Los Angeles","34.38344","-118.5284"
"02/21/2024","AQS","060376012","1","0.3","ppm","3","Santa Clarita","24","100.0000","42101","Carbon monoxide","106","31080","Los Angeles-Long Beach-Anaheim, CA","06","California","037","Los Angeles","34.38344","-118.5284"
"02/22/2024","AQS","060376012","1","0.4","ppm","5","Santa Clarita","17","71.0000","42101","Carbon monoxide","106","31080","Los Angeles-Long Beach-Anaheim, CA","06","California","037","Los Angeles","34.38344","-118.5284"
"02/23/2024","AQS","060376012","1","0.3","ppm","3","Santa Clarita","24","100.0000","42101","Carbon monoxide","106","31080","Los Angeles-Long Beach-Anaheim, CA","06","California","037","Los Angeles","34.38344","-118.5284"
"02/24/2024","AQS","060376012","1","0.3","ppm","3","Santa Clarita","24","100.0000","42101","Carbon monoxide","106","31080","Los Angeles-Long Beach-Anaheim, CA","06","California","037","Los Angeles","34.38344","-118.5284"
"02/25/2024","AQS","060376012","1","0.3","ppm","3","Santa Clarita","24","100.0000","42101","Carbon monoxide","106","31080","Los Angeles-Long Beach-Anaheim, CA","06","California","037","Los Angeles","34.38344","-118.5284"
"02/26/2024","AQS","060376012","1","0.4","ppm","5","Santa Clarita","24","100.0000","42101","Carbon monoxide","106","31080","Los Angeles-Long Beach-Anaheim, CA","06","California","037","Los Angeles","34.38344","-118.5284"
"02/27/2024","AQS","060376012","1","0.3","ppm","3","Santa Clarita","24","100.0000","42101","Carbon monoxide","106","31080","Los Angeles-Long Beach-Anaheim, CA","06","California","037","Los Angeles","34.38344","-118.5284"
"02/28/2024","AQS","060376012","1","0.4","ppm","5","Santa Clarita","24","100.0000","42101","Carbon monoxide","106","31080","Los Angeles-Long Beach-Anaheim, CA","06","California","037","Los Angeles","34.38344","-118.5284"
"02/29/2024","AQS","060376012","1","0.3","ppm","3","Santa Clarita","24","100.0000","42101","Carbon monoxide","106","31080","Los Angeles-Long Beach-Anaheim, CA","06","California","037","Los Angeles","34.38344","-118.5284"
"03/01/2024","AQS","060376012","1","0.2","ppm","2","Santa Clarita","24","100.0000","42101","Carbon monoxide","106","31080","Los Angeles-Long Beach-Anaheim, CA","06","California","037","Los Angeles","34.38344","-118.5284"
"03/02/2024","AQS","060376012","1","0.2","ppm","2","Santa Clarita","24","100.0000","42101","Carbon monoxide","106","31080","Los Angeles-Long Beach-Anaheim, CA","06","California","037","Los Angeles","34.38344","-118.5284"
"03/03/2024","AQS","060376012","1","0.2","ppm","2","Santa Clarita","24","100.0000","42101","Carbon monoxide","106","31080","Los Angeles-Long Beach-Anaheim, CA","06","California","037","Los Angeles","34.38344","-118.5284"
"03/04/2024","AQS","060376012","1","0.3","ppm","3","Santa Clarita","24","100.0000","42101","Carbon monoxide","106","31080","Los Angeles-Long Beach-Anaheim, CA","06","California","037","Los Angeles","34.38344","-118.5284"
"03/05/2024","AQS","060376012","1","0.3","ppm","3","Santa Clarita","24","100.0000","42101","Carbon monoxide","106","31080","Los Angeles-Long Beach-Anaheim, CA","06","California","037","Los Angeles","34.38344","-118.5284"
"03/06/2024","AQS","060376012","1","0.2","ppm","2","Santa Clarita","24","100.0000","42101","Carbon monoxide","106","31080","Los Angeles-Long Beach-Anaheim, CA","06","California","037","Los Angeles","34.38344","-118.5284"
"03/07/2024","AQS","060376012","1","0.3","ppm","3","Santa Clarita","24","100.0000","42101","Carbon monoxide","106","31080","Los Angeles-Long Beach-Anaheim, CA","06","California","037","Los Angeles","34.38344","-118.5284"
"03/08/2024","AQS","060376012","1","0.3","ppm","3","Santa Clarita","24","100.0000","42101","Carbon monoxide","106","31080","Los Angeles-Long Beach-Anaheim, CA","06","California","037","Los Angeles","34.38344","-118.5284"
"03/09/2024","AQS","060376012","1","0.3","ppm","3","Santa Clarita","24","100.0000","42101","Carbon monoxide","106","31080","Los Angeles-Long Beach-Anaheim, CA","06","California","037","Los Angeles","34.38344","-118.5284"
"03/10/2024","AQS","060376012","1","0.3","ppm","3","Santa Clarita","24","100.0000","42101","Carbon monoxide","106","31080","Los Angeles-Long Beach-Anaheim, CA","06","California","037","Los Angeles","34.38344","-118.5284"
"03/11/2024","AQS","060376012","1","0.3","ppm","3","Santa Clarita","24","100.0000","42101","Carbon monoxide","106","31080","Los Angeles-Long Beach-Anaheim, CA","06","California","037","Los Angeles","34.38344","-118.5284"
"03/12/2024","AQS","060376012","1","0.3","ppm","3","Santa Clarita","24","100.0000","42101","Carbon monoxide","106","31080","Los Angeles-Long Beach-Anaheim, CA","06","California","037","Los Angeles","34.38344","-118.5284"
"03/13/2024","AQS","060376012","1","0.2","ppm","2","Santa Clarita","24","100.0000","42101","Carbon monoxide","106","31080","Los Angeles-Long Beach-Anaheim, CA","06","California","037","Los Angeles","34.38344","-118.5284"
"03/14/2024","AQS","060376012","1","0.2","ppm","2","Santa Clarita","24","100.0000","42101","Carbon monoxide","106","31080","Los Angeles-Long Beach-Anaheim, CA","06","California","037","Los Angeles","34.38344","-118.5284"
"03/15/2024","AQS","060376012","1","0.3","ppm","3","Santa Clarita","24","100.0000","42101","Carbon monoxide","106","31080","Los Angeles-Long Beach-Anaheim, CA","06","California","037","Los Angeles","34.38344","-118.5284"
"03/16/2024","AQS","060376012","1","0.3","ppm","3","Santa Clarita","24","100.0000","42101","Carbon monoxide","106","31080","Los Angeles-Long Beach-Anaheim, CA","06","California","037","Los Angeles","34.38344","-118.5284"
"03/17/2024","AQS","060376012","1","0.2","ppm","2","Santa Clarita","24","100.0000","42101","Carbon monoxide","106","31080","Los Angeles-Long Beach-Anaheim, CA","06","California","037","Los Angeles","34.38344","-118.5284"
"03/18/2024","AQS","060376012","1","0.4","ppm","5","Santa Clarita","24","100.0000","42101","Carbon monoxide","106","31080","Los Angeles-Long Beach-Anaheim, CA","06","California","037","Los Angeles","34.38344","-118.5284"
"03/19/2024","AQS","060376012","1","0.3","ppm","3","Santa Clarita","24","100.0000","42101","Carbon monoxide","106","31080","Los Angeles-Long Beach-Anaheim, CA","06","California","037","Los Angeles","34.38344","-118.5284"
"03/20/2024","AQS","060376012","1","0.5","ppm","6","Santa Clarita","24","100.0000","42101","Carbon monoxide","106","31080","Los Angeles-Long Beach-Anaheim, CA","06","California","037","Los Angeles","34.38344","-118.5284"
"03/21/2024","AQS","060376012","1","0.4","ppm","5","Santa Clarita","24","100.0000","42101","Carbon monoxide","106","31080","Los Angeles-Long Beach-Anaheim, CA","06","California","037","Los Angeles","34.38344","-118.5284"
"03/22/2024","AQS","060376012","1","0.4","ppm","5","Santa Clarita","24","100.0000","42101","Carbon monoxide","106","31080","Los Angeles-Long Beach-Anaheim, CA","06","California","037","Los Angeles","34.38344","-118.5284"
"03/23/2024","AQS","060376012","1","0.2","ppm","2","Santa Clarita","24","100.0000","42101","Carbon monoxide","106","31080","Los Angeles-Long Beach-Anaheim, CA","06","California","037","Los Angeles","34.38344","-118.5284"
"03/24/2024","AQS","060376012","1","0.2","ppm","2","Santa Clarita","24","100.0000","42101","Carbon monoxide","106","31080","Los Angeles-Long Beach-Anaheim, CA","06","California","037","Los Angeles","34.38344","-118.5284"
"03/25/2024","AQS","060376012","1","0.2","ppm","2","Santa Clarita","24","100.0000","42101","Carbon monoxide","106","31080","Los Angeles-Long Beach-Anaheim, CA","06","California","037","Los Angeles","34.38344","-118.5284"
"03/26/2024","AQS","060376012","1","0.4","ppm","5","Santa Clarita","24","100.0000","42101","Carbon monoxide","106","31080","Los Angeles-Long Beach-Anaheim, CA","06","California","037","Los Angeles","34.38344","-118.5284"
"03/27/2024","AQS","060376012","1","0.3","ppm","3","Santa Clarita","24","100.0000","42101","Carbon monoxide","106","31080","Los Angeles-Long Beach-Anaheim, CA","06","California","037","Los Angeles","34.38344","-118.5284"
"03/28/2024","AQS","060376012","1","0.3","ppm","3","Santa Clarita","24","100.0000","42101","Carbon monoxide","106","31080","Los Angeles-Long Beach-Anaheim, CA","06","California","037","Los Angeles","34.38344","-118.5284"
"03/29/2024","AQS","060376012","1","0.2","ppm","2","Santa Clarita","24","100.0000","42101","Carbon monoxide","106","31080","Los Angeles-Long Beach-Anaheim, CA","06","California","037","Los Angeles","34.38344","-118.5284"
"03/30/2024","AQS","060376012","1","0.2","ppm","2","Santa Clarita","24","100.0000","42101","Carbon monoxide","106","31080","Los Angeles-Long Beach-Anaheim, CA","06","California","037","Los Angeles","34.38344","-118.5284"
"03/31/2024","AQS","060376012","1","0.2","ppm","2","Santa Clarita","24","100.0000","42101","Carbon monoxide","106","31080","Los Angeles-Long Beach-Anaheim, CA","06","California","037","Los Angeles","34.38344","-118.5284"
"04/01/2024","AQS","060376012","1","0.2","ppm","2","Santa Clarita","24","100.0000","42101","Carbon monoxide","106","31080","Los Angeles-Long Beach-Anaheim, CA","06","California","037","Los Angeles","34.38344","-118.5284"
"04/02/2024","AQS","060376012","1","0.3","ppm","3","Santa Clarita","24","100.0000","42101","Carbon monoxide","106","31080","Los Angeles-Long Beach-Anaheim, CA","06","California","037","Los Angeles","34.38344","-118.5284"
"04/03/2024","AQS","060376012","1","0.3","ppm","3","Santa Clarita","24","100.0000","42101","Carbon monoxide","106","31080","Los Angeles-Long Beach-Anaheim, CA","06","California","037","Los Angeles","34.38344","-118.5284"
"04/04/2024","AQS","060376012","1","0.2","ppm","2","Santa Clarita","24","100.0000","42101","Carbon monoxide","106","31080","Los Angeles-Long Beach-Anaheim, CA","06","California","037","Los Angeles","34.38344","-118.5284"
"04/05/2024","AQS","060376012","1","0.2","ppm","2","Santa Clarita","24","100.0000","42101","Carbon monoxide","106","31080","Los Angeles-Long Beach-Anaheim, CA","06","California","037","Los Angeles","34.38344","-118.5284"
"04/06/2024","AQS","060376012","1","0.3","ppm","3","Santa Clarita","24","100.0000","42101","Carbon monoxide","106","31080","Los Angeles-Long Beach-Anaheim, CA","06","California","037","Los Angeles","34.38344","-118.5284"
"04/07/2024","AQS","060376012","1","0.2","ppm","2","Santa Clarita","24","100.0000","42101","Carbon monoxide","106","31080","Los Angeles-Long Beach-Anaheim, CA","06","California","037","Los Angeles","34.38344","-118.5284"
"04/08/2024","AQS","060376012","1","0.3","ppm","3","Santa Clarita","24","100.0000","42101","Carbon monoxide","106","31080","Los Angeles-Long Beach-Anaheim, CA","06","California","037","Los Angeles","34.38344","-118.5284"
"04/09/2024","AQS","060376012","1","0.3","ppm","3","Santa Clarita","24","100.0000","42101","Carbon monoxide","106","31080","Los Angeles-Long Beach-Anaheim, CA","06","California","037","Los Angeles","34.38344","-118.5284"
"04/10/2024","AQS","060376012","1","0.3","ppm","3","Santa Clarita","24","100.0000","42101","Carbon monoxide","106","31080","Los Angeles-Long Beach-Anaheim, CA","06","California","037","Los Angeles","34.38344","-118.5284"
"04/11/2024","AQS","060376012","1","0.3","ppm","3","Santa Clarita","24","100.0000","42101","Carbon monoxide","106","31080","Los Angeles-Long Beach-Anaheim, CA","06","California","037","Los Angeles","34.38344","-118.5284"
"04/12/2024","AQS","060376012","1","0.4","ppm","5","Santa Clarita","24","100.0000","42101","Carbon monoxide","106","31080","Los Angeles-Long Beach-Anaheim, CA","06","California","037","Los Angeles","34.38344","-118.5284"
"04/13/2024","AQS","060376012","1","0.2","ppm","2","Santa Clarita","24","100.0000","42101","Carbon monoxide","106","31080","Los Angeles-Long Beach-Anaheim, CA","06","California","037","Los Angeles","34.38344","-118.5284"
"04/14/2024","AQS","060376012","1","0.2","ppm","2","Santa Clarita","24","100.0000","42101","Carbon monoxide","106","31080","Los Angeles-Long Beach-Anaheim, CA","06","California","037","Los Angeles","34.38344","-118.5284"
"04/15/2024","AQS","060376012","1","0.3","ppm","3","Santa Clarita","24","100.0000","42101","Carbon monoxide","106","31080","Los Angeles-Long Beach-Anaheim, CA","06","California","037","Los Angeles","34.38344","-118.5284"
"04/16/2024","AQS","060376012","1","0.3","ppm","3","Santa Clarita","24","100.0000","42101","Carbon monoxide","106","31080","Los Angeles-Long Beach-Anaheim, CA","06","California","037","Los Angeles","34.38344","-118.5284"
"04/17/2024","AQS","060376012","1","0.3","ppm","3","Santa Clarita","24","100.0000","42101","Carbon monoxide","106","31080","Los Angeles-Long Beach-Anaheim, CA","06","California","037","Los Angeles","34.38344","-118.5284"
"04/18/2024","AQS","060376012","1","0.3","ppm","3","Santa Clarita","24","100.0000","42101","Carbon monoxide","106","31080","Los Angeles-Long Beach-Anaheim, CA","06","California","037","Los Angeles","34.38344","-118.5284"
"04/19/2024","AQS","060376012","1","0.3","ppm","3","Santa Clarita","24","100.0000","42101","Carbon monoxide","106","31080","Los Angeles-Long Beach-Anaheim, CA","06","California","037","Los Angeles","34.38344","-118.5284"
"04/20/2024","AQS","060376012","1","0.2","ppm","2","Santa Clarita","24","100.0000","42101","Carbon monoxide","106","31080","Los Angeles-Long Beach-Anaheim, CA","06","California","037","Los Angeles","34.38344","-118.5284"
"04/21/2024","AQS","060376012","1","0.3","ppm","3","Santa Clarita","24","100.0000","42101","Carbon monoxide","106","31080","Los Angeles-Long Beach-Anaheim, CA","06","California","037","Los Angeles","34.38344","-118.5284"
"04/22/2024","AQS","060376012","1","0.4","ppm","5","Santa Clarita","24","100.0000","42101","Carbon monoxide","106","31080","Los Angeles-Long Beach-Anaheim, CA","06","California","037","Los Angeles","34.38344","-118.5284"
"04/23/2024","AQS","060376012","1","0.2","ppm","2","Santa Clarita","24","100.0000","42101","Carbon monoxide","106","31080","Los Angeles-Long Beach-Anaheim, CA","06","California","037","Los Angeles","34.38344","-118.5284"
"04/24/2024","AQS","060376012","1","0.2","ppm","2","Santa Clarita","24","100.0000","42101","Carbon monoxide","106","31080","Los Angeles-Long Beach-Anaheim, CA","06","California","037","Los Angeles","34.38344","-118.5284"
"04/25/2024","AQS","060376012","1","0.2","ppm","2","Santa Clarita","24","100.0000","42101","Carbon monoxide","106","31080","Los Angeles-Long Beach-Anaheim, CA","06","California","037","Los Angeles","34.38344","-118.5284"
"04/26/2024","AQS","060376012","1","0.2","ppm","2","Santa Clarita","24","100.0000","42101","Carbon monoxide","106","31080","Los Angeles-Long Beach-Anaheim, CA","06","California","037","Los Angeles","34.38344","-118.5284"
"04/27/2024","AQS","060376012","1","0.1","ppm","1","Santa Clarita","24","100.0000","42101","Carbon monoxide","106","31080","Los Angeles-Long Beach-Anaheim, CA","06","California","037","Los Angeles","34.38344","-118.5284"
"04/28/2024","AQS","060376012","1","0.2","ppm","2","Santa Clarita","24","100.0000","42101","Carbon monoxide","106","31080","Los Angeles-Long Beach-Anaheim, CA","06","California","037","Los Angeles","34.38344","-118.5284"
"04/29/2024","AQS","060376012","1","0.2","ppm","2","Santa Clarita","24","100.0000","42101","Carbon monoxide","106","31080","Los Angeles-Long Beach-Anaheim, CA","06","California","037","Los Angeles","34.38344","-118.5284"
"04/30/2024","AQS","060376012","1","0.2","ppm","2","Santa Clarita","24","100.0000","42101","Carbon monoxide","106","31080","Los Angeles-Long Beach-Anaheim, CA","06","California","037","Los Angeles","34.38344","-118.5284"
"05/01/2024","AQS","060376012","1","0.2","ppm","2","Santa Clarita","24","100.0000","42101","Carbon monoxide","106","31080","Los Angeles-Long Beach-Anaheim, CA","06","California","037","Los Angeles","34.38344","-118.5284"
"05/02/2024","AQS","060376012","1","0.4","ppm","5","Santa Clarita","24","100.0000","42101","Carbon monoxide","106","31080","Los Angeles-Long Beach-Anaheim, CA","06","California","037","Los Angeles","34.38344","-118.5284"
"05/03/2024","AQS","060376012","1","0.2","ppm","2","Santa Clarita","24","100.0000","42101","Carbon monoxide","106","31080","Los Angeles-Long Beach-Anaheim, CA","06","California","037","Los Angeles","34.38344","-118.5284"
"05/04/2024","AQS","060376012","1","0.2","ppm","2","Santa Clarita","24","100.0000","42101","Carbon monoxide","106","31080","Los Angeles-Long Beach-Anaheim, CA","06","California","037","Los Angeles","34.38344","-118.5284"
"05/05/2024","AQS","060376012","1","0.1","ppm","1","Santa Clarita","24","100.0000","42101","Carbon monoxide","106","31080","Los Angeles-Long Beach-Anaheim, CA","06","California","037","Los Angeles","34.38344","-118.5284"
"05/06/2024","AQS","060376012","1","0.2","ppm","2","Santa Clarita","24","100.0000","42101","Carbon monoxide","106","31080","Los Angeles-Long Beach-Anaheim, CA","06","California","037","Los Angeles","34.38344","-118.5284"
"05/07/2024","AQS","060376012","1","0.2","ppm","2","Santa Clarita","24","100.0000","42101","Carbon monoxide","106","31080","Los Angeles-Long Beach-Anaheim, CA","06","California","037","Los Angeles","34.38344","-118.5284"
"05/08/2024","AQS","060376012","1","0.2","ppm","2","Santa Clarita","24","100.0000","42101","Carbon monoxide","106","31080","Los Angeles-Long Beach-Anaheim, CA","06","California","037","Los Angeles","34.38344","-118.5284"
"05/09/2024","AQS","060376012","1","0.3","ppm","3","Santa Clarita","24","100.0000","42101","Carbon monoxide","106","31080","Los Angeles-Long Beach-Anaheim, CA","06","California","037","Los Angeles","34.38344","-118.5284"
"05/10/2024","AQS","060376012","1","0.3","ppm","3","Santa Clarita","24","100.0000","42101","Carbon monoxide","106","31080","Los Angeles-Long Beach-Anaheim, CA","06","California","037","Los Angeles","34.38344","-118.5284"
"05/11/2024","AQS","060376012","1","0.3","ppm","3","Santa Clarita","24","100.0000","42101","Carbon monoxide","106","31080","Los Angeles-Long Beach-Anaheim, CA","06","California","037","Los Angeles","34.38344","-118.5284"
"05/12/2024","AQS","060376012","1","0.3","ppm","3","Santa Clarita","24","100.0000","42101","Carbon monoxide","106","31080","Los Angeles-Long Beach-Anaheim, CA","06","California","037","Los Angeles","34.38344","-118.5284"
"05/13/2024","AQS","060376012","1","0.3","ppm","3","Santa Clarita","24","100.0000","42101","Carbon monoxide","106","31080","Los Angeles-Long Beach-Anaheim, CA","06","California","037","Los Angeles","34.38344","-118.5284"
"05/14/2024","AQS","060376012","1","0.2","ppm","2","Santa Clarita","24","100.0000","42101","Carbon monoxide","106","31080","Los Angeles-Long Beach-Anaheim, CA","06","California","037","Los Angeles","34.38344","-118.5284"
"05/15/2024","AQS","060376012","1","0.2","ppm","2","Santa Clarita","24","100.0000","42101","Carbon monoxide","106","31080","Los Angeles-Long Beach-Anaheim, CA","06","California","037","Los Angeles","34.38344","-118.5284"
"05/16/2024","AQS","060376012","1","0.2","ppm","2","Santa Clarita","24","100.0000","42101","Carbon monoxide","106","31080","Los Angeles-Long Beach-Anaheim, CA","06","California","037","Los Angeles","34.38344","-118.5284"
"05/17/2024","AQS","060376012","1","0.2","ppm","2","Santa Clarita","24","100.0000","42101","Carbon monoxide","106","31080","Los Angeles-Long Beach-Anaheim, CA","06","California","037","Los Angeles","34.38344","-118.5284"
"05/18/2024","AQS","060376012","1","0.2","ppm","2","Santa Clarita","24","100.0000","42101","Carbon monoxide","106","31080","Los Angeles-Long Beach-Anaheim, CA","06","California","037","Los Angeles","34.38344","-118.5284"
"05/19/2024","AQS","060376012","1","0.2","ppm","2","Santa Clarita","24","100.0000","42101","Carbon monoxide","106","31080","Los Angeles-Long Beach-Anaheim, CA","06","California","037","Los Angeles","34.38344","-118.5284"
"05/20/2024","AQS","060376012","1","0.2","ppm","2","Santa Clarita","24","100.0000","42101","Carbon monoxide","106","31080","Los Angeles-Long Beach-Anaheim, CA","06","California","037","Los Angeles","34.38344","-118.5284"
"05/21/2024","AQS","060376012","1","0.2","ppm","2","Santa Clarita","24","100.0000","42101","Carbon monoxide","106","31080","Los Angeles-Long Beach-Anaheim, CA","06","California","037","Los Angeles","34.38344","-118.5284"
"05/22/2024","AQS","060376012","1","0.3","ppm","3","Santa Clarita","24","100.0000","42101","Carbon monoxide","106","31080","Los Angeles-Long Beach-Anaheim, CA","06","California","037","Los Angeles","34.38344","-118.5284"
"05/23/2024","AQS","060376012","1","0.2","ppm","2","Santa Clarita","18","75.0000","42101","Carbon monoxide","106","31080","Los Angeles-Long Beach-Anaheim, CA","06","California","037","Los Angeles","34.38344","-118.5284"
"05/24/2024","AQS","060376012","1","0.2","ppm","2","Santa Clarita","24","100.0000","42101","Carbon monoxide","106","31080","Los Angeles-Long Beach-Anaheim, CA","06","California","037","Los Angeles","34.38344","-118.5284"
"05/25/2024","AQS","060376012","1","0.2","ppm","2","Santa Clarita","24","100.0000","42101","Carbon monoxide","106","31080","Los Angeles-Long Beach-Anaheim, CA","06","California","037","Los Angeles","34.38344","-118.5284"
"05/26/2024","AQS","060376012","1","0.2","ppm","2","Santa Clarita","24","100.0000","42101","Carbon monoxide","106","31080","Los Angeles-Long Beach-Anaheim, CA","06","California","037","Los Angeles","34.38344","-118.5284"
"05/27/2024","AQS","060376012","1","0.2","ppm","2","Santa Clarita","24","100.0000","42101","Carbon monoxide","106","31080","Los Angeles-Long Beach-Anaheim, CA","06","California","037","Los Angeles","34.38344","-118.5284"
"05/28/2024","AQS","060376012","1","0.3","ppm","3","Santa Clarita","24","100.0000","42101","Carbon monoxide","106","31080","Los Angeles-Long Beach-Anaheim, CA","06","California","037","Los Angeles","34.38344","-118.5284"
"05/29/2024","AQS","060376012","1","0.3","ppm","3","Santa Clarita","24","100.0000","42101","Carbon monoxide","106","31080","Los Angeles-Long Beach-Anaheim, CA","06","California","037","Los Angeles","34.38344","-118.5284"
"05/30/2024","AQS","060376012","1","0.3","ppm","3","Santa Clarita","24","100.0000","42101","Carbon monoxide","106","31080","Los Angeles-Long Beach-Anaheim, CA","06","California","037","Los Angeles","34.38344","-118.5284"
"05/31/2024","AQS","060376012","1","0.3","ppm","3","Santa Clarita","24","100.0000","42101","Carbon monoxide","106","31080","Los Angeles-Long Beach-Anaheim, CA","06","California","037","Los Angeles","34.38344","-118.5284"
"06/01/2024","AQS","060376012","1","0.2","ppm","2","Santa Clarita","24","100.0000","42101","Carbon monoxide","106","31080","Los Angeles-Long Beach-Anaheim, CA","06","California","037","Los Angeles","34.38344","-118.5284"
"06/02/2024","AQS","060376012","1","0.2","ppm","2","Santa Clarita","24","100.0000","42101","Carbon monoxide","106","31080","Los Angeles-Long Beach-Anaheim, CA","06","California","037","Los Angeles","34.38344","-118.5284"
"06/03/2024","AQS","060376012","1","0.2","ppm","2","Santa Clarita","24","100.0000","42101","Carbon monoxide","106","31080","Los Angeles-Long Beach-Anaheim, CA","06","California","037","Los Angeles","34.38344","-118.5284"
"06/04/2024","AQS","060376012","1","0.3","ppm","3","Santa Clarita","24","100.0000","42101","Carbon monoxide","106","31080","Los Angeles-Long Beach-Anaheim, CA","06","California","037","Los Angeles","34.38344","-118.5284"
"06/05/2024","AQS","060376012","1","0.3","ppm","3","Santa Clarita","24","100.0000","42101","Carbon monoxide","106","31080","Los Angeles-Long Beach-Anaheim, CA","06","California","037","Los Angeles","34.38344","-118.5284"
"06/06/2024","AQS","060376012","1","0.2","ppm","2","Santa Clarita","24","100.0000","42101","Carbon monoxide","106","31080","Los Angeles-Long Beach-Anaheim, CA","06","California","037","Los Angeles","34.38344","-118.5284"
"06/07/2024","AQS","060376012","1","0.2","ppm","2","Santa Clarita","24","100.0000","42101","Carbon monoxide","106","31080","Los Angeles-Long Beach-Anaheim, CA","06","California","037","Los Angeles","34.38344","-118.5284"
"06/08/2024","AQS","060376012","1","0.2","ppm","2","Santa Clarita","24","100.0000","42101","Carbon monoxide","106","31080","Los Angeles-Long Beach-Anaheim, CA","06","California","037","Los Angeles","34.38344","-118.5284"
"06/09/2024","AQS","060376012","1","0.1","ppm","1","Santa Clarita","24","100.0000","42101","Carbon monoxide","106","31080","Los Angeles-Long Beach-Anaheim, CA","06","California","037","Los Angeles","34.38344","-118.5284"
"06/10/2024","AQS","060376012","1","0.3","ppm","3","Santa Clarita","24","100.0000","42101","Carbon monoxide","106","31080","Los Angeles-Long Beach-Anaheim, CA","06","California","037","Los Angeles","34.38344","-118.5284"
"06/11/2024","AQS","060376012","1","0.3","ppm","3","Santa Clarita","24","100.0000","42101","Carbon monoxide","106","31080","Los Angeles-Long Beach-Anaheim, CA","06","California","037","Los Angeles","34.38344","-118.5284"
"06/12/2024","AQS","060376012","1","0.2","ppm","2","Santa Clarita","24","100.0000","42101","Carbon monoxide","106","31080","Los Angeles-Long Beach-Anaheim, CA","06","California","037","Los Angeles","34.38344","-118.5284"
"06/13/2024","AQS","060376012","1","0.2","ppm","2","Santa Clarita","24","100.0000","42101","Carbon monoxide","106","31080","Los Angeles-Long Beach-Anaheim, CA","06","California","037","Los Angeles","34.38344","-118.5284"
"06/14/2024","AQS","060376012","1","0.3","ppm","3","Santa Clarita","24","100.0000","42101","Carbon monoxide","106","31080","Los Angeles-Long Beach-Anaheim, CA","06","California","037","Los Angeles","34.38344","-118.5284"
"06/15/2024","AQS","060376012","1","0.2","ppm","2","Santa Clarita","24","100.0000","42101","Carbon monoxide","106","31080","Los Angeles-Long Beach-Anaheim, CA","06","California","037","Los Angeles","34.38344","-118.5284"
"06/16/2024","AQS","060376012","1","0.4","ppm","5","Santa Clarita","24","100.0000","42101","Carbon monoxide","106","31080","Los Angeles-Long Beach-Anaheim, CA","06","California","037","Los Angeles","34.38344","-118.5284"
"06/17/2024","AQS","060376012","1","0.2","ppm","2","Santa Clarita","24","100.0000","42101","Carbon monoxide","106","31080","Los Angeles-Long Beach-Anaheim, CA","06","California","037","Los Angeles","34.38344","-118.5284"
"06/18/2024","AQS","060376012","1","0.2","ppm","2","Santa Clarita","24","100.0000","42101","Carbon monoxide","106","31080","Los Angeles-Long Beach-Anaheim, CA","06","California","037","Los Angeles","34.38344","-118.5284"
"06/19/2024","AQS","060376012","1","0.2","ppm","2","Santa Clarita","24","100.0000","42101","Carbon monoxide","106","31080","Los Angeles-Long Beach-Anaheim, CA","06","California","037","Los Angeles","34.38344","-118.5284"
"06/20/2024","AQS","060376012","1","0.3","ppm","3","Santa Clarita","24","100.0000","42101","Carbon monoxide","106","31080","Los Angeles-Long Beach-Anaheim, CA","06","California","037","Los Angeles","34.38344","-118.5284"
"06/21/2024","AQS","060376012","1","0.3","ppm","3","Santa Clarita","24","100.0000","42101","Carbon monoxide","106","31080","Los Angeles-Long Beach-Anaheim, CA","06","California","037","Los Angeles","34.38344","-118.5284"
"06/22/2024","AQS","060376012","1","0.2","ppm","2","Santa Clarita","24","100.0000","42101","Carbon monoxide","106","31080","Los Angeles-Long Beach-Anaheim, CA","06","California","037","Los Angeles","34.38344","-118.5284"
"06/23/2024","AQS","060376012","1","0.3","ppm","3","Santa Clarita","24","100.0000","42101","Carbon monoxide","106","31080","Los Angeles-Long Beach-Anaheim, CA","06","California","037","Los Angeles","34.38344","-118.5284"
"06/24/2024","AQS","060376012","1","0.2","ppm","2","Santa Clarita","24","100.0000","42101","Carbon monoxide","106","31080","Los Angeles-Long Beach-Anaheim, CA","06","California","037","Los Angeles","34.38344","-118.5284"
"06/25/2024","AQS","060376012","1","0.3","ppm","3","Santa Clarita","24","100.0000","42101","Carbon monoxide","106","31080","Los Angeles-Long Beach-Anaheim, CA","06","California","037","Los Angeles","34.38344","-118.5284"
"06/26/2024","AQS","060376012","1","0.2","ppm","2","Santa Clarita","24","100.0000","42101","Carbon monoxide","106","31080","Los Angeles-Long Beach-Anaheim, CA","06","California","037","Los Angeles","34.38344","-118.5284"
"06/27/2024","AQS","060376012","1","0.3","ppm","3","Santa Clarita","24","100.0000","42101","Carbon monoxide","106","31080","Los Angeles-Long Beach-Anaheim, CA","06","California","037","Los Angeles","34.38344","-118.5284"
"06/28/2024","AQS","060376012","1","0.2","ppm","2","Santa Clarita","24","100.0000","42101","Carbon monoxide","106","31080","Los Angeles-Long Beach-Anaheim, CA","06","California","037","Los Angeles","34.38344","-118.5284"
"06/29/2024","AQS","060376012","1","0.2","ppm","2","Santa Clarita","24","100.0000","42101","Carbon monoxide","106","31080","Los Angeles-Long Beach-Anaheim, CA","06","California","037","Los Angeles","34.38344","-118.5284"
"06/30/2024","AQS","060376012","1","0.2","ppm","2","Santa Clarita","24","100.0000","42101","Carbon monoxide","106","31080","Los Angeles-Long Beach-Anaheim, CA","06","California","037","Los Angeles","34.38344","-118.5284"
"07/01/2024","AQS","060376012","1","0.3","ppm","3","Santa Clarita","96","400.0000","42101","Carbon monoxide","067","31080","Los Angeles-Long Beach-Anaheim, CA","06","California","037","Los Angeles","34.38344","-118.5284"
"07/02/2024","AQS","060376012","1","0.2","ppm","2","Santa Clarita","96","400.0000","42101","Carbon monoxide","067","31080","Los Angeles-Long Beach-Anaheim, CA","06","California","037","Los Angeles","34.38344","-118.5284"
"07/03/2024","AQS","060376012","1","0.3","ppm","3","Santa Clarita","96","400.0000","42101","Carbon monoxide","067","31080","Los Angeles-Long Beach-Anaheim, CA","06","California","037","Los Angeles","34.38344","-118.5284"
"07/04/2024","AQS","060376012","1","0.2","ppm","2","Santa Clarita","96","400.0000","42101","Carbon monoxide","067","31080","Los Angeles-Long Beach-Anaheim, CA","06","California","037","Los Angeles","34.38344","-118.5284"
"07/05/2024","AQS","060376012","1","0.3","ppm","3","Santa Clarita","96","400.0000","42101","Carbon monoxide","067","31080","Los Angeles-Long Beach-Anaheim, CA","06","California","037","Los Angeles","34.38344","-118.5284"
"07/06/2024","AQS","060376012","1","0.3","ppm","3","Santa Clarita","96","400.0000","42101","Carbon monoxide","067","31080","Los Angeles-Long Beach-Anaheim, CA","06","California","037","Los Angeles","34.38344","-118.5284"
"07/07/2024","AQS","060376012","1","0.3","ppm","3","Santa Clarita","96","400.0000","42101","Carbon monoxide","067","31080","Los Angeles-Long Beach-Anaheim, CA","06","California","037","Los Angeles","34.38344","-118.5284"
"07/08/2024","AQS","060376012","1","0.2","ppm","2","Santa Clarita","96","400.0000","42101","Carbon monoxide","067","31080","Los Angeles-Long Beach-Anaheim, CA","06","California","037","Los Angeles","34.38344","-118.5284"
"07/09/2024","AQS","060376012","1","0.3","ppm","3","Santa Clarita","96","400.0000","42101","Carbon monoxide","067","31080","Los Angeles-Long Beach-Anaheim, CA","06","California","037","Los Angeles","34.38344","-118.5284"
"07/10/2024","AQS","060376012","1","0.4","ppm","5","Santa Clarita","96","400.0000","42101","Carbon monoxide","067","31080","Los Angeles-Long Beach-Anaheim, CA","06","California","037","Los Angeles","34.38344","-118.5284"
"07/11/2024","AQS","060376012","1","0.3","ppm","3","Santa Clarita","96","400.0000","42101","Carbon monoxide","067","31080","Los Angeles-Long Beach-Anaheim, CA","06","California","037","Los Angeles","34.38344","-118.5284"
"07/12/2024","AQS","060376012","1","0.3","ppm","3","Santa Clarita","96","400.0000","42101","Carbon monoxide","067","31080","Los Angeles-Long Beach-Anaheim, CA","06","California","037","Los Angeles","34.38344","-118.5284"
"07/13/2024","AQS","060376012","1","0.3","ppm","3","Santa Clarita","96","400.0000","42101","Carbon monoxide","067","31080","Los Angeles-Long Beach-Anaheim, CA","06","California","037","Los Angeles","34.38344","-118.5284"
"07/14/2024","AQS","060376012","1","0.2","ppm","2","Santa Clarita","96","400.0000","42101","Carbon monoxide","067","31080","Los Angeles-Long Beach-Anaheim, CA","06","California","037","Los Angeles","34.38344","-118.5284"
"07/15/2024","AQS","060376012","1","0.2","ppm","2","Santa Clarita","96","400.0000","42101","Carbon monoxide","067","31080","Los Angeles-Long Beach-Anaheim, CA","06","California","037","Los Angeles","34.38344","-118.5284"
"07/16/2024","AQS","060376012","1","0.2","ppm","2","Santa Clarita","96","400.0000","42101","Carbon monoxide","067","31080","Los Angeles-Long Beach-Anaheim, CA","06","California","037","Los Angeles","34.38344","-118.5284"
"07/17/2024","AQS","060376012","1","0.2","ppm","2","Santa Clarita","96","400.0000","42101","Carbon monoxide","067","31080","Los Angeles-Long Beach-Anaheim, CA","06","California","037","Los Angeles","34.38344","-118.5284"
"07/18/2024","AQS","060376012","1","0.2","ppm","2","Santa Clarita","96","400.0000","42101","Carbon monoxide","067","31080","Los Angeles-Long Beach-Anaheim, CA","06","California","037","Los Angeles","34.38344","-118.5284"
"07/19/2024","AQS","060376012","1","0.2","ppm","2","Santa Clarita","96","400.0000","42101","Carbon monoxide","067","31080","Los Angeles-Long Beach-Anaheim, CA","06","California","037","Los Angeles","34.38344","-118.5284"
"07/20/2024","AQS","060376012","1","0.2","ppm","2","Santa Clarita","96","400.0000","42101","Carbon monoxide","067","31080","Los Angeles-Long Beach-Anaheim, CA","06","California","037","Los Angeles","34.38344","-118.5284"
"07/21/2024","AQS","060376012","1","0.2","ppm","2","Santa Clarita","96","400.0000","42101","Carbon monoxide","067","31080","Los Angeles-Long Beach-Anaheim, CA","06","California","037","Los Angeles","34.38344","-118.5284"
"07/22/2024","AQS","060376012","1","0.2","ppm","2","Santa Clarita","96","400.0000","42101","Carbon monoxide","067","31080","Los Angeles-Long Beach-Anaheim, CA","06","California","037","Los Angeles","34.38344","-118.5284"
"07/23/2024","AQS","060376012","1","0.3","ppm","3","Santa Clarita","96","400.0000","42101","Carbon monoxide","067","31080","Los Angeles-Long Beach-Anaheim, CA","06","California","037","Los Angeles","34.38344","-118.5284"
"07/24/2024","AQS","060376012","1","0.2","ppm","2","Santa Clarita","96","400.0000","42101","Carbon monoxide","067","31080","Los Angeles-Long Beach-Anaheim, CA","06","California","037","Los Angeles","34.38344","-118.5284"
"07/25/2024","AQS","060376012","1","0.2","ppm","2","Santa Clarita","96","400.0000","42101","Carbon monoxide","067","31080","Los Angeles-Long Beach-Anaheim, CA","06","California","037","Los Angeles","34.38344","-118.5284"
"07/26/2024","AQS","060376012","1","0.2","ppm","2","Santa Clarita","96","400.0000","42101","Carbon monoxide","067","31080","Los Angeles-Long Beach-Anaheim, CA","06","California","037","Los Angeles","34.38344","-118.5284"
"07/27/2024","AQS","060376012","1","0.2","ppm","2","Santa Clarita","96","400.0000","42101","Carbon monoxide","067","31080","Los Angeles-Long Beach-Anaheim, CA","06","California","037","Los Angeles","34.38344","-118.5284"
"07/28/2024","AQS","060376012","1","0.2","ppm","2","Santa Clarita","96","400.0000","42101","Carbon monoxide","067","31080","Los Angeles-Long Beach-Anaheim, CA","06","California","037","Los Angeles","34.38344","-118.5284"
"07/29/2024","AQS","060376012","1","0.4","ppm","5","Santa Clarita","96","400.0000","42101","Carbon monoxide","067","31080","Los Angeles-Long Beach-Anaheim, CA","06","California","037","Los Angeles","34.38344","-118.5284"
"07/30/2024","AQS","060376012","1","0.3","ppm","3","Santa Clarita","96","400.0000","42101","Carbon monoxide","067","31080","Los Angeles-Long Beach-Anaheim, CA","06","California","037","Los Angeles","34.38344","-118.5284"
"07/31/2024","AQS","060376012","1","0.4","ppm","5","Santa Clarita","96","400.0000","42101","Carbon monoxide","067","31080","Los Angeles-Long Beach-Anaheim, CA","06","California","037","Los Angeles","34.38344","-118.5284"
"08/01/2024","AQS","060376012","1","0.3","ppm","3","Santa Clarita","96","400.0000","42101","Carbon monoxide","067","31080","Los Angeles-Long Beach-Anaheim, CA","06","California","037","Los Angeles","34.38344","-118.5284"
"08/02/2024","AQS","060376012","1","0.3","ppm","3","Santa Clarita","96","400.0000","42101","Carbon monoxide","067","31080","Los Angeles-Long Beach-Anaheim, CA","06","California","037","Los Angeles","34.38344","-118.5284"
"08/03/2024","AQS","060376012","1","0.3","ppm","3","Santa Clarita","96","400.0000","42101","Carbon monoxide","067","31080","Los Angeles-Long Beach-Anaheim, CA","06","California","037","Los Angeles","34.38344","-118.5284"
"08/04/2024","AQS","060376012","1","0.2","ppm","2","Santa Clarita","96","400.0000","42101","Carbon monoxide","067","31080","Los Angeles-Long Beach-Anaheim, CA","06","California","037","Los Angeles","34.38344","-118.5284"
"08/05/2024","AQS","060376012","1","0.3","ppm","3","Santa Clarita","96","400.0000","42101","Carbon monoxide","067","31080","Los Angeles-Long Beach-Anaheim, CA","06","California","037","Los Angeles","34.38344","-118.5284"
"08/06/2024","AQS","060376012","1","0.3","ppm","3","Santa Clarita","96","400.0000","42101","Carbon monoxide","067","31080","Los Angeles-Long Beach-Anaheim, CA","06","California","037","Los Angeles","34.38344","-118.5284"
"08/07/2024","AQS","060376012","1","0.3","ppm","3","Santa Clarita","96","400.0000","42101","Carbon monoxide","067","31080","Los Angeles-Long Beach-Anaheim, CA","06","California","037","Los Angeles","34.38344","-118.5284"
"08/08/2024","AQS","060376012","1","0.2","ppm","2","Santa Clarita","96","400.0000","42101","Carbon monoxide","067","31080","Los Angeles-Long Beach-Anaheim, CA","06","California","037","Los Angeles","34.38344","-118.5284"
"08/09/2024","AQS","060376012","1","0.3","ppm","3","Santa Clarita","96","400.0000","42101","Carbon monoxide","067","31080","Los Angeles-Long Beach-Anaheim, CA","06","California","037","Los Angeles","34.38344","-118.5284"
"08/10/2024","AQS","060376012","1","0.3","ppm","3","Santa Clarita","96","400.0000","42101","Carbon monoxide","067","31080","Los Angeles-Long Beach-Anaheim, CA","06","California","037","Los Angeles","34.38344","-118.5284"
"08/11/2024","AQS","060376012","1","0.3","ppm","3","Santa Clarita","96","400.0000","42101","Carbon monoxide","067","31080","Los Angeles-Long Beach-Anaheim, CA","06","California","037","Los Angeles","34.38344","-118.5284"
"08/12/2024","AQS","060376012","1","0.3","ppm","3","Santa Clarita","96","400.0000","42101","Carbon monoxide","067","31080","Los Angeles-Long Beach-Anaheim, CA","06","California","037","Los Angeles","34.38344","-118.5284"
"08/13/2024","AQS","060376012","1","0.3","ppm","3","Santa Clarita","96","400.0000","42101","Carbon monoxide","067","31080","Los Angeles-Long Beach-Anaheim, CA","06","California","037","Los Angeles","34.38344","-118.5284"
"08/14/2024","AQS","060376012","1","0.3","ppm","3","Santa Clarita","96","400.0000","42101","Carbon monoxide","067","31080","Los Angeles-Long Beach-Anaheim, CA","06","California","037","Los Angeles","34.38344","-118.5284"
"08/15/2024","AQS","060376012","1","0.2","ppm","2","Santa Clarita","96","400.0000","42101","Carbon monoxide","067","31080","Los Angeles-Long Beach-Anaheim, CA","06","California","037","Los Angeles","34.38344","-118.5284"
"08/16/2024","AQS","060376012","1","0.3","ppm","3","Santa Clarita","68","283.0000","42101","Carbon monoxide","067","31080","Los Angeles-Long Beach-Anaheim, CA","06","California","037","Los Angeles","34.38344","-118.5284"
"08/17/2024","AQS","060376012","1","0.2","ppm","2","Santa Clarita","96","400.0000","42101","Carbon monoxide","067","31080","Los Angeles-Long Beach-Anaheim, CA","06","California","037","Los Angeles","34.38344","-118.5284"
"08/18/2024","AQS","060376012","1","0.2","ppm","2","Santa Clarita","96","400.0000","42101","Carbon monoxide","067","31080","Los Angeles-Long Beach-Anaheim, CA","06","California","037","Los Angeles","34.38344","-118.5284"
"08/19/2024","AQS","060376012","1","0.2","ppm","2","Santa Clarita","96","400.0000","42101","Carbon monoxide","067","31080","Los Angeles-Long Beach-Anaheim, CA","06","California","037","Los Angeles","34.38344","-118.5284"
"08/20/2024","AQS","060376012","1","0.3","ppm","3","Santa Clarita","96","400.0000","42101","Carbon monoxide","067","31080","Los Angeles-Long Beach-Anaheim, CA","06","California","037","Los Angeles","34.38344","-118.5284"
"08/21/2024","AQS","060376012","1","0.3","ppm","3","Santa Clarita","96","400.0000","42101","Carbon monoxide","067","31080","Los Angeles-Long Beach-Anaheim, CA","06","California","037","Los Angeles","34.38344","-118.5284"
"08/22/2024","AQS","060376012","1","0.3","ppm","3","Santa Clarita","96","400.0000","42101","Carbon monoxide","067","31080","Los Angeles-Long Beach-Anaheim, CA","06","California","037","Los Angeles","34.38344","-118.5284"
"08/23/2024","AQS","060376012","1","0.3","ppm","3","Santa Clarita","96","400.0000","42101","Carbon monoxide","067","31080","Los Angeles-Long Beach-Anaheim, CA","06","California","037","Los Angeles","34.38344","-118.5284"
"08/24/2024","AQS","060376012","1","0.2","ppm","2","Santa Clarita","96","400.0000","42101","Carbon monoxide","067","31080","Los Angeles-Long Beach-Anaheim, CA","06","California","037","Los Angeles","34.38344","-118.5284"
"08/25/2024","AQS","060376012","1","0.2","ppm","2","Santa Clarita","96","400.0000","42101","Carbon monoxide","067","31080","Los Angeles-Long Beach-Anaheim, CA","06","California","037","Los Angeles","34.38344","-118.5284"
"08/26/2024","AQS","060376012","1","0.3","ppm","3","Santa Clarita","96","400.0000","42101","Carbon monoxide","067","31080","Los Angeles-Long Beach-Anaheim, CA","06","California","037","Los Angeles","34.38344","-118.5284"
"08/27/2024","AQS","060376012","1","0.4","ppm","5","Santa Clarita","96","400.0000","42101","Carbon monoxide","067","31080","Los Angeles-Long Beach-Anaheim, CA","06","California","037","Los Angeles","34.38344","-118.5284"
"08/28/2024","AQS","060376012","1","0.4","ppm","5","Santa Clarita","60","250.0000","42101","Carbon monoxide","067","31080","Los Angeles-Long Beach-Anaheim, CA","06","California","037","Los Angeles","34.38344","-118.5284"
"08/29/2024","AQS","060376012","1","0.4","ppm","5","Santa Clarita","72","300.0000","42101","Carbon monoxide","067","31080","Los Angeles-Long Beach-Anaheim, CA","06","California","037","Los Angeles","34.38344","-118.5284"
"08/30/2024","AQS","060376012","1","0.4","ppm","5","Santa Clarita","96","400.0000","42101","Carbon monoxide","067","31080","Los Angeles-Long Beach-Anaheim, CA","06","California","037","Los Angeles","34.38344","-118.5284"
"08/31/2024","AQS","060376012","1","0.4","ppm","5","Santa Clarita","96","400.0000","42101","Carbon monoxide","067","31080","Los Angeles-Long Beach-Anaheim, CA","06","California","037","Los Angeles","34.38344","-118.5284"
"09/01/2024","AQS","060376012","1","0.3","ppm","3","Santa Clarita","96","400.0000","42101","Carbon monoxide","067","31080","Los Angeles-Long Beach-Anaheim, CA","06","California","037","Los Angeles","34.38344","-118.5284"
"09/02/2024","AQS","060376012","1","0.2","ppm","2","Santa Clarita","96","400.0000","42101","Carbon monoxide","067","31080","Los Angeles-Long Beach-Anaheim, CA","06","California","037","Los Angeles","34.38344","-118.5284"
"09/03/2024","AQS","060376012","1","0.3","ppm","3","Santa Clarita","96","400.0000","42101","Carbon monoxide","067","31080","Los Angeles-Long Beach-Anaheim, CA","06","California","037","Los Angeles","34.38344","-118.5284"
"09/04/2024","AQS","060376012","1","0.3","ppm","3","Santa Clarita","72","300.0000","42101","Carbon monoxide","067","31080","Los Angeles-Long Beach-Anaheim, CA","06","California","037","Los Angeles","34.38344","-118.5284"
"09/05/2024","AQS","060376012","1","0.3","ppm","3","Santa Clarita","72","300.0000","42101","Carbon monoxide","067","31080","Los Angeles-Long Beach-Anaheim, CA","06","California","037","Los Angeles","34.38344","-118.5284"
"09/06/2024","AQS","060376012","1","0.3","ppm","3","Santa Clarita","96","400.0000","42101","Carbon monoxide","067","31080","Los Angeles-Long Beach-Anaheim, CA","06","California","037","Los Angeles","34.38344","-118.5284"
"09/07/2024","AQS","060376012","1","0.4","ppm","5","Santa Clarita","96","400.0000","42101","Carbon monoxide","067","31080","Los Angeles-Long Beach-Anaheim, CA","06","California","037","Los Angeles","34.38344","-118.5284"
"09/08/2024","AQS","060376012","1","0.3","ppm","3","Santa Clarita","96","400.0000","42101","Carbon monoxide","067","31080","Los Angeles-Long Beach-Anaheim, CA","06","California","037","Los Angeles","34.38344","-118.5284"
"09/09/2024","AQS","060376012","1","0.4","ppm","5","Santa Clarita","96","400.0000","42101","Carbon monoxide","067","31080","Los Angeles-Long Beach-Anaheim, CA","06","California","037","Los Angeles","34.38344","-118.5284"
"09/10/2024","AQS","060376012","1","0.4","ppm","5","Santa Clarita","96","400.0000","42101","Carbon monoxide","067","31080","Los Angeles-Long Beach-Anaheim, CA","06","California","037","Los Angeles","34.38344","-118.5284"
"09/11/2024","AQS","060376012","1","0.3","ppm","3","Santa Clarita","72","300.0000","42101","Carbon monoxide","067","31080","Los Angeles-Long Beach-Anaheim, CA","06","California","037","Los Angeles","34.38344","-118.5284"
"09/12/2024","AQS","060376012","1","0.2","ppm","2","Santa Clarita","72","300.0000","42101","Carbon monoxide","067","31080","Los Angeles-Long Beach-Anaheim, CA","06","California","037","Los Angeles","34.38344","-118.5284"
"09/13/2024","AQS","060376012","1","0.3","ppm","3","Santa Clarita","96","400.0000","42101","Carbon monoxide","067","31080","Los Angeles-Long Beach-Anaheim, CA","06","California","037","Los Angeles","34.38344","-118.5284"
"09/14/2024","AQS","060376012","1","0.2","ppm","2","Santa Clarita","96","400.0000","42101","Carbon monoxide","067","31080","Los Angeles-Long Beach-Anaheim, CA","06","California","037","Los Angeles","34.38344","-118.5284"
"09/15/2024","AQS","060376012","1","0.2","ppm","2","Santa Clarita","96","400.0000","42101","Carbon monoxide","067","31080","Los Angeles-Long Beach-Anaheim, CA","06","California","037","Los Angeles","34.38344","-118.5284"
"09/16/2024","AQS","060376012","1","0.1","ppm","1","Santa Clarita","96","400.0000","42101","Carbon monoxide","067","31080","Los Angeles-Long Beach-Anaheim, CA","06","California","037","Los Angeles","34.38344","-118.5284"
"09/17/2024","AQS","060376012","1","0.3","ppm","3","Santa Clarita","96","400.0000","42101","Carbon monoxide","067","31080","Los Angeles-Long Beach-Anaheim, CA","06","California","037","Los Angeles","34.38344","-118.5284"
"09/18/2024","AQS","060376012","1","0.3","ppm","3","Santa Clarita","96","400.0000","42101","Carbon monoxide","067","31080","Los Angeles-Long Beach-Anaheim, CA","06","California","037","Los Angeles","34.38344","-118.5284"
"09/19/2024","AQS","060376012","1","0.2","ppm","2","Santa Clarita","96","400.0000","42101","Carbon monoxide","067","31080","Los Angeles-Long Beach-Anaheim, CA","06","California","037","Los Angeles","34.38344","-118.5284"
"09/20/2024","AQS","060376012","1","0.3","ppm","3","Santa Clarita","96","400.0000","42101","Carbon monoxide","067","31080","Los Angeles-Long Beach-Anaheim, CA","06","California","037","Los Angeles","34.38344","-118.5284"
"09/21/2024","AQS","060376012","1","0.3","ppm","3","Santa Clarita","96","400.0000","42101","Carbon monoxide","067","31080","Los Angeles-Long Beach-Anaheim, CA","06","California","037","Los Angeles","34.38344","-118.5284"
"09/22/2024","AQS","060376012","1","0.3","ppm","3","Santa Clarita","96","400.0000","42101","Carbon monoxide","067","31080","Los Angeles-Long Beach-Anaheim, CA","06","California","037","Los Angeles","34.38344","-118.5284"
"09/23/2024","AQS","060376012","1","0.4","ppm","5","Santa Clarita","96","400.0000","42101","Carbon monoxide","067","31080","Los Angeles-Long Beach-Anaheim, CA","06","California","037","Los Angeles","34.38344","-118.5284"
"09/24/2024","AQS","060376012","1","0.5","ppm","6","Santa Clarita","96","400.0000","42101","Carbon monoxide","067","31080","Los Angeles-Long Beach-Anaheim, CA","06","California","037","Los Angeles","34.38344","-118.5284"
"09/25/2024","AQS","060376012","1","0.3","ppm","3","Santa Clarita","96","400.0000","42101","Carbon monoxide","067","31080","Los Angeles-Long Beach-Anaheim, CA","06","California","037","Los Angeles","34.38344","-118.5284"
"09/26/2024","AQS","060376012","1","0.4","ppm","5","Santa Clarita","96","400.0000","42101","Carbon monoxide","067","31080","Los Angeles-Long Beach-Anaheim, CA","06","California","037","Los Angeles","34.38344","-118.5284"
"09/27/2024","AQS","060376012","1","0.5","ppm","6","Santa Clarita","96","400.0000","42101","Carbon monoxide","067","31080","Los Angeles-Long Beach-Anaheim, CA","06","California","037","Los Angeles","34.38344","-118.5284"
"09/28/2024","AQS","060376012","1","0.4","ppm","5","Santa Clarita","96","400.0000","42101","Carbon monoxide","067","31080","Los Angeles-Long Beach-Anaheim, CA","06","California","037","Los Angeles","34.38344","-118.5284"
"09/29/2024","AQS","060376012","1","0.3","ppm","3","Santa Clarita","96","400.0000","42101","Carbon monoxide","067","31080","Los Angeles-Long Beach-Anaheim, CA","06","California","037","Los Angeles","34.38344","-118.5284"
"09/30/2024","AQS","060376012","1","0.5","ppm","6","Santa Clarita","96","400.0000","42101","Carbon monoxide","067","31080","Los Angeles-Long Beach-Anaheim, CA","06","California","037","Los Angeles","34.38344","-118.5284"
"10/01/2024","AQS","060376012","1","0.3","ppm","3","Santa Clarita","8","33.0000","42101","Carbon monoxide","067","31080","Los Angeles-Long Beach-Anaheim, CA","06","California","037","Los Angeles","34.38344","-118.5284"
